{"branches": 25.31512605042017, "coverage": 51.47438709362967}