{"branches": 24.334733893557424, "coverage": 50.57997855541476}