{"branches": 24.404761904761905, "coverage": 50.862699225032905}